11,495,24,18,9,8,21,22,20,13,17,11,40,6,25,22,19,15,7,32,26,27,31,30,34,28,14
,,,E-1-,E-10,E-13,E-15-,E-2-,E-3-,E-4-,E-5-,E-6-,E-8-,E-AUX5-,W-1-,W-10-,W-11-,W-12-,W-2-,W-3-,W-4-,W-5-,W-6-,W-7-,W-8-,W-9-,W-AUX3-
Ind,Pop,QS03797_1, ,MSQ13_1, ,QrZAG20_1, ,QpZAG110_1, ,QS00314_1, ,QS01904_1, ,MSQ4_1, ,QS00562_1, ,QrZAG87_1, ,QpZAG15_1, ,QM692M_1, ,,,
"QH-E-1-1","E-1-","145","148","226","226","160","169","161","204","166","166","135","137","202","226","223","223","100","100","168","168","234","235","","",""
"QH-E-1-2","E-1-","148","148","226","226","169","179","204","204","166","166","135","139","202","226","223","223","100","96","160","169","234","235","","",""
"QH-E-1-3","E-1-","145","148","226","226","157","159","161","204","166","175","137","137","202","218","223","223","100","96","167","171","232","232","","",""
"QH-E-1-4","E-1-","145","148","226","226","179","159","161","161","166","175","137","137","196","196","223","223","100","100","168","166","235","232","","",""
"QH-E-1-5","E-1-","145","148","226","228","157","155","161","204","166","175","137","137","210","212","223","223","100","98","168","168","235","232","","",""
"QH-E-1-6","E-1-","145","148","226","228","155","163","161","204","166","166","137","137","212","212","224","224","100","100","168","171","235","220","","",""
"QH-E-1-7","E-1-","145","148","226","226","157","165","204","204","175","178","137","137","210","201","223","223","100","98","168","168","235","232","","",""
"QH-E-1-11","E-1-","148","148","226","226","169","179","161","161","166","166","137","137","210","201","223","223","100","100","168","168","232","223","","",""
"QH-E-1-12","E-1-","145","148","0","0","157","157","204","204","175","175","137","137","212","216","223","225","100","98","169","171","232","236","","",""
"QH-E-1-13","E-1-","148","148","226","226","169","157","161","161","166","166","137","139","202","212","223","223","100","98","168","168","235","220","","",""
"QH-E-1-14","E-1-","148","148","226","230","169","179","204","206","166","175","137","137","212","212","225","225","100","100","171","171","235","232","","",""
"QH-E-1-15","E-1-","148","148","226","228","179","157","161","204","166","166","137","137","201","208","223","223","100","100","167","170","232","220","","",""
"QH-E-1-16","E-1-","145","148","0","0","157","155","161","204","166","175","137","137","201","208","223","225","100","100","168","171","235","232","","",""
"QH-E-1-17","E-1-","148","148","226","228","157","157","204","204","166","175","137","137","218","206","223","223","100","99","171","171","232","229","","",""
"QH-E-1-18","E-1-","148","148","226","226","179","179","161","204","166","175","137","137","212","212","223","223","100","100","169","167","235","220","","",""
"QH-E-1-19","E-1-","145","145","226","226","160","157","202","205","166","175","137","137","201","206","223","223","100","96","168","175","235","232","","",""
"QH-E-1-20","E-1-","148","148","226","226","179","157","161","205","175","175","137","137","212","208","225","225","100","98","168","177","235","232","","",""
"QH-E-1-21","E-1-","148","148","226","228","179","181","204","204","175","175","137","137","201","201","223","223","100","98","160","169","235","235","","",""
"QH-E-10-1","E-10","148","146","226","216","169","157","204","204","166","178","137","137","0","0","223","223","100","96","168","168","235","232","","",""
"QH-E-10-2","E-10","145","148","0","0","165","167","161","207","175","175","137","137","196","201","215","215","100","96","171","159","235","232","","",""
"QH-E-10-3","E-10","145","148","226","224","179","157","204","204","166","175","137","137","214","214","223","223","100","98","169","173","235","232","","",""
"QH-E-10-4","E-10","145","148","226","226","155","167","161","204","166","175","137","137","210","210","225","225","100","100","160","172","232","232","","",""
"QH-E-10-5","E-10","145","145","226","226","157","155","204","204","175","169","137","137","212","214","223","223","100","98","160","161","232","232","","",""
"QH-E-10-6","E-10","146","146","0","0","160","159","161","204","166","166","137","137","212","206","223","223","100","96","160","160","232","243","","",""
"QH-E-10-7","E-10","146","142","0","0","179","171","161","204","178","169","137","137","196","208","223","223","100","100","168","168","232","237","","",""
"QH-E-10-8","E-10","142","142","226","226","157","171","161","202","178","169","137","139","212","212","225","225","100","96","171","171","232","232","","",""
"QH-E-10-9","E-10","145","148","226","218","157","155","0","0","0","0","135","137","196","205","223","223","100","99","168","171","235","232","","",""
"QH-E-13-1","E-13","148","142","226","226","157","157","204","208","175","175","137","137","210","210","223","223","100","98","168","161","235","232","","",""
"QH-E-13-2","E-13","148","148","216","218","169","163","202","208","175","175","137","139","205","228","223","223","100","102","168","168","232","236","","",""
"QH-E-13-3","E-13","145","148","216","234","157","165","204","208","166","169","137","137","206","206","223","225","100","104","168","166","236","241","","",""
"QH-E-13-4","E-13","145","148","226","226","160","157","204","208","175","172","137","137","210","213","223","223","100","102","171","171","235","232","","",""
"QH-E-13-5","E-13","145","145","226","204","155","167","161","161","175","175","137","137","210","214","223","223","98","106","168","171","236","252","","",""
"QH-E-13-6","E-13","145","148","226","228","179","165","161","206","175","175","137","137","210","205","223","223","100","100","168","167","235","252","","",""
"QH-E-13-7","E-13","145","148","226","216","160","157","204","208","175","172","137","137","210","201","223","223","102","102","168","171","235","241","","",""
"QH-E-13-8","E-13","145","145","226","216","179","155","161","204","166","175","137","137","201","201","223","225","100","102","168","171","241","231","","",""
"QH-E-14-1","E-15-","146","146","226","226","160","165","161","208","166","178","137","139","216","207","223","223","100","96","168","160","235","241","","",""
"QH-E-14-2","E-15-","148","148","226","228","179","167","161","204","175","178","137","137","202","212","223","225","100","100","160","171","235","235","","",""
"QH-E-14-3","E-15-","146","146","226","226","160","177","161","161","166","169","137","137","196","212","0","0","100","100","159","159","232","220","","",""
"QH-E-14-4","E-15-","145","148","226","228","169","163","204","206","178","178","137","137","201","208","223","223","100","102","168","183","232","239","","",""
"QH-E-14-6","E-15-","145","148","226","228","157","163","161","161","175","169","137","141","196","212","223","225","100","100","169","167","232","232","","",""
"QH-E-14-7","E-15-","148","142","216","234","157","157","202","202","175","175","137","137","212","205","223","223","114","119","167","162","232","227","","",""
"QH-E-14-8","E-15-","0","0","228","200","160","171","204","204","175","173","137","137","212","216","223","223","96","102","162","162","235","252","","",""
"QH-E-14-11","E-15-","145","148","226","218","157","167","161","204","176","176","137","137","202","196","223","223","100","96","167","171","232","236","","",""
"QH-E-14-12","E-15-","145","145","228","224","155","163","206","208","175","178","137","147","212","212","223","223","100","96","168","168","235","232","","",""
"QH-E-15-1","E-15-","146","146","0","0","160","179","202","215","175","178","137","139","178","198","225","225","100","96","171","171","235","231","","",""
"QH-E-15-2","E-15-","148","146","226","226","160","179","204","204","175","175","137","137","201","201","223","223","96","93","168","168","243","231","","",""
"QH-E-15-3","E-15-","145","148","226","228","160","155","161","204","170","179","137","137","216","216","225","225","100","96","169","169","241","241","","",""
"QH-E-15-4","E-15-","148","148","226","226","179","157","204","204","166","166","137","137","212","206","223","223","100","98","168","168","232","236","","",""
"QH-E-15-5","E-15-","148","144","0","0","179","163","161","204","175","178","137","137","201","207","223","223","100","100","168","160","235","220","","",""
"QH-E-15-6","E-15-","148","148","0","0","179","157","161","204","166","175","137","137","201","201","223","223","100","100","168","171","236","236","","",""
"QH-E-15-7","E-15-","148","148","226","218","157","171","204","202","166","181","139","139","196","201","223","223","100","96","167","167","235","237","","",""
"QH-E-15-8","E-15-","148","148","226","218","157","171","202","200","166","181","139","139","196","201","223","223","100","96","167","167","235","237","","",""
"QH-E-15-9","E-15-","148","146","226","224","160","157","161","206","175","173","137","137","202","201","223","223","100","96","160","171","232","232","","",""
"QH-E-15-10","E-15-","145","144","0","0","157","163","204","204","175","178","137","141","210","228","223","223","100","96","169","169","232","241","","",""
"QH-E-15-11","E-15-","145","148","226","226","179","155","204","204","166","166","137","137","201","201","223","225","98","102","160","171","235","252","","",""
"QH-E-15-12","E-15-","146","146","224","190","160","179","204","208","175","175","137","137","202","202","225","225","96","96","171","171","232","231","","",""
"QH-E-2-3","E-2-","145","148","226","226","169","179","204","210","166","166","137","137","212","208","223","225","100","98","160","169","220","249","","",""
"QH-E-2-4","E-2-","148","146","226","226","169","179","204","209","166","166","137","137","212","208","223","225","100","98","160","169","220","249","","",""
"QH-E-2-5","E-2-","146","146","226","228","169","169","161","204","166","166","137","139","202","208","225","225","100","98","168","160","235","220","","",""
"QH-E-2-6","E-2-","148","146","226","226","169","157","204","204","166","166","137","137","202","203","223","223","100","100","160","159","220","231","","",""
"QH-E-2-2","E-2-","148","148","226","226","179","157","161","204","166","175","137","137","198","198","223","225","100","100","168","168","232","231","","",""
"QH-E-2-7","E-2-","148","148","226","226","157","157","204","202","166","169","137","137","212","240","225","225","100","98","160","169","220","220","","",""
"QH-E-2-1","E-2-","146","146","226","226","160","179","161","207","166","166","137","137","208","199","223","225","100","98","169","171","235","232","","",""
"QH-E-2-8","E-2-","148","148","226","226","157","157","204","202","166","169","137","137","212","238","223","225","100","98","160","169","220","220","","",""
"QH-E-2-10","E-2-","148","148","226","226","157","157","204","202","166","169","137","137","212","238","225","225","100","98","160","169","220","220","","",""
"QH-E-2-11","E-2-","145","146","226","226","179","155","204","204","175","175","137","137","212","212","223","223","100","98","168","168","235","232","","",""
"QH-E-2-12","E-2-","145","148","226","226","157","157","161","204","166","166","137","139","202","213","223","223","100","100","160","171","232","236","","",""
"QH-E-2-13","E-2-","148","146","226","226","169","179","161","161","166","175","137","137","212","212","223","223","100","100","168","168","232","220","","",""
"QH-E-2-14","E-2-","148","148","226","226","157","157","204","204","175","175","137","137","206","206","223","225","100","100","169","171","235","232","","",""
"QH-E-2-15","E-2-","148","146","226","226","169","157","161","204","166","175","137","137","212","208","223","223","100","100","168","168","232","232","","",""
"QH-E-2-16","E-2-","145","146","226","228","157","157","204","204","166","169","137","139","212","201","223","223","100","98","169","175","232","237","","",""
"QH-E-2-17","E-2-","145","148","226","226","157","157","204","204","166","175","137","139","196","196","223","223","100","100","171","159","232","232","","",""
"QH-E-2-18","E-2-","148","146","226","230","179","157","204","208","166","166","137","137","203","203","225","225","100","100","168","168","235","235","","",""
"QH-E-2-19","E-2-","148","148","226","226","179","157","161","205","166","169","135","137","212","208","223","223","100","98","168","171","232","220","","",""
"QH-E-2-21","E-2-","145","145","226","226","157","155","204","204","166","175","135","137","210","212","223","225","100","96","168","168","235","232","","",""
"QH-E-2-22","E-2-","148","148","226","226","179","157","161","204","166","175","137","137","212","212","225","225","100","100","168","168","232","220","","",""
"QH-E-2-24","E-2-","145","145","226","228","169","155","161","204","166","166","137","137","212","212","223","223","100","100","169","169","232","232","","",""
"QH-E-2-25","E-2-","145","145","226","228","155","155","161","209","166","175","137","137","212","212","225","225","100","98","168","168","220","220","","",""
"QH-E-3-25","E-3-","145","148","226","226","157","157","161","204","175","175","137","137","218","201","223","223","100","100","168","160","235","232","","",""
"QH-E-3-1","E-3-","148","148","226","226","171","171","161","204","166","178","137","137","212","212","223","223","100","98","160","160","232","232","","",""
"QH-E-3-2","E-3-","148","148","226","226","157","157","207","207","166","166","137","137","212","201","223","225","100","98","168","168","235","220","","",""
"QH-E-3-3","E-3-","148","148","226","226","157","157","208","208","166","166","137","137","212","199","223","225","100","98","169","169","235","220","","",""
"QH-E-3-5","E-3-","148","151","226","226","157","157","161","206","166","175","137","137","212","212","223","223","100","100","168","168","235","231","","",""
"QH-E-3-6","E-3-","146","151","226","226","179","157","161","161","166","166","137","137","212","212","223","223","100","100","168","168","235","232","","",""
"QH-E-3-7","E-3-","148","146","226","228","157","165","161","204","166","175","137","137","201","201","223","223","100","100","168","177","235","220","","",""
"QH-E-3-9","E-3-","145","148","226","226","157","165","161","204","166","175","137","137","212","208","223","223","100","100","168","170","235","220","","",""
"QH-E-3-10","E-3-","145","148","226","226","157","155","204","204","166","175","137","137","214","214","223","225","100","100","168","171","232","232","","",""
"QH-E-3-12","E-3-","145","148","226","226","157","155","161","202","166","175","137","139","201","203","223","223","100","100","168","171","232","232","","",""
"QH-E-3-14","E-3-","146","146","226","226","179","167","161","204","166","175","135","137","210","212","223","223","100","102","168","174","236","236","","",""
"QH-E-3-15","E-3-","148","148","226","228","169","157","204","208","166","166","137","139","226","212","223","223","100","100","168","168","232","232","","",""
"QH-E-3-16","E-3-","148","146","226","226","179","157","161","161","175","175","137","137","226","226","223","223","100","98","168","168","235","235","","",""
"QH-E-3-19","E-3-","145","148","226","226","157","157","161","161","166","175","137","137","202","222","223","223","100","100","168","168","235","232","","",""
"QH-E-3-21","E-3-","148","146","226","228","169","179","204","204","166","175","137","137","202","218","223","223","100","100","168","168","232","220","","",""
"QH-E-3-22","E-3-","145","145","226","226","159","165","161","206","166","166","137","137","212","212","223","223","98","99","168","168","232","232","","",""
"QH-E-3-23","E-3-","148","146","226","226","179","167","161","204","175","175","137","137","208","208","223","225","100","98","160","179","235","235","","",""
"QH-E-3-24","E-3-","148","146","226","226","169","179","161","205","175","175","137","137","201","208","223","223","100","98","160","160","235","232","","",""
"QH-E-3-27","E-3-","148","148","226","226","169","157","161","161","166","166","137","137","218","218","225","225","100","100","160","171","235","232","","",""
"QH-E-3-28","E-3-","148","148","226","226","157","157","204","204","166","166","137","137","214","214","225","225","100","100","160","160","232","232","","",""
"QH-E-4-2","E-4-","148","148","226","226","167","171","161","204","166","175","137","137","208","214","223","223","100","100","174","174","232","232","","",""
"QH-E-4-3","E-4-","148","148","226","226","157","157","204","207","166","175","137","137","0","0","223","225","100","98","168","168","0","0","","",""
"QH-E-4-4","E-4-","148","146","226","226","169","157","161","204","166","175","137","137","201","201","225","225","100","99","168","168","232","232","","",""
"QH-E-4-1","E-4-","145","148","226","226","169","155","204","207","175","175","137","137","210","210","223","223","100","100","169","177","232","232","","",""
"QH-E-4-5","E-4-","145","148","226","228","157","159","204","204","166","166","137","137","208","208","223","223","100","96","171","171","235","236","","",""
"QH-E-4-9","E-4-","146","146","226","228","179","157","161","204","166","178","137","139","212","201","223","223","100","100","168","168","232","232","","",""
"QH-E-4-10","E-4-","145","145","226","226","160","157","204","204","166","166","137","137","212","212","223","223","100","98","168","168","235","232","","",""
"QH-E-4-11","E-4-","148","148","226","197","167","167","204","204","166","166","137","137","208","220","223","223","100","98","160","169","235","220","","",""
"QH-E-4-12","E-4-","146","146","226","226","169","181","204","208","166","175","137","137","212","208","223","223","98","98","168","168","232","220","","",""
"QH-E-4-13","E-4-","145","145","226","226","157","157","161","208","166","166","137","139","210","212","223","223","100","100","171","171","232","237","","",""
"QH-E-4-14","E-4-","148","148","226","226","179","179","204","204","166","166","137","137","212","212","223","223","100","99","169","169","232","246","","",""
"QH-E-4-15","E-4-","148","148","226","226","0","0","161","204","166","175","137","137","0","0","223","223","100","100","160","169","235","232","","",""
"QH-E-4-17","E-4-","148","146","226","226","179","165","161","204","0","0","137","139","210","201","223","223","100","96","168","160","232","236","","",""
"QH-E-5-14","E-5-","148","148","226","228","179","157","161","204","166","166","137","139","210","201","223","223","100","98","168","168","232","232","","",""
"QH-E-5-1","E-5-","148","148","226","228","157","157","204","204","166","175","137","137","210","210","223","223","100","123","169","159","235","232","","",""
"QH-E-5-2","E-5-","148","146","226","226","179","157","161","161","166","166","137","137","201","201","223","223","100","98","162","164","232","220","","",""
"QH-E-5-3","E-5-","145","148","226","226","157","165","204","206","166","175","137","139","210","214","225","225","100","100","168","168","232","229","","",""
"QH-E-5-13","E-5-","145","148","226","232","179","157","161","208","166","171","137","139","210","203","223","223","98","102","168","173","232","232","","",""
"QH-E-5-15","E-5-","148","148","226","226","169","179","161","206","166","175","137","137","201","201","223","223","100","98","168","168","235","232","","",""
"QH-E-5-16","E-5-","148","148","226","226","179","167","204","204","166","166","137","139","210","212","223","223","100","98","168","160","232","232","","",""
"QH-E-5-19","E-5-","148","148","226","228","169","157","161","204","166","166","137","137","201","199","223","223","100","98","169","169","232","252","","",""
"QH-E-5-20","E-5-","148","148","226","226","157","167","161","204","166","166","137","139","201","201","223","223","98","98","168","168","232","231","","",""
"QH-E-5-23","E-5-","148","148","226","226","179","163","204","204","166","166","137","137","210","208","223","223","100","98","169","159","235","232","","",""
"QH-E-5-25","E-5-","148","148","226","226","157","157","161","161","166","184","137","139","212","201","223","223","100","98","168","168","232","220","","",""
"QH-E-5-26","E-5-","148","148","228","232","179","179","161","204","166","175","137","137","201","201","223","223","100","100","169","169","232","237","","",""
"QH-E-5-28","E-5-","148","148","226","228","179","157","161","161","166","175","137","137","201","201","223","223","100","98","169","169","235","232","","",""
"QH-E-5-29","E-5-","148","146","226","224","157","157","204","204","166","175","137","139","201","203","223","223","100","121","159","159","235","236","","",""
"QH-E-5-31","E-5-","148","148","226","226","157","157","204","208","166","175","137","137","201","203","223","223","100","100","159","159","235","220","","",""
"QH-E-5-32","E-5-","148","146","0","0","160","157","204","206","176","170","137","137","196","201","223","215","100","100","166","166","235","236","","",""
"QH-E-5-33","E-5-","148","146","226","228","157","165","208","208","166","175","137","137","210","220","223","223","100","100","162","152","235","232","","",""
"QH-E-6-1","E-6-","148","148","228","228","157","171","161","209","166","166","137","137","208","203","223","225","100","100","168","175","232","232","","",""
"QH-E-6-2","E-6-","148","146","226","226","169","157","161","204","175","175","137","139","208","203","223","225","100","100","168","168","235","232","","",""
"QH-E-6-3","E-6-","148","146","226","226","157","157","217","219","175","170","137","137","201","214","225","225","100","98","169","174","235","239","","",""
"QH-E-6-4","E-6-","148","148","226","226","169","157","204","211","175","175","137","137","212","212","225","225","100","100","177","177","235","241","","",""
"QH-E-6-6","E-6-","145","148","226","226","157","155","161","204","166","166","137","137","210","216","278","278","100","98","171","171","235","235","","",""
"QH-E-6-7","E-6-","145","148","228","220","165","175","161","204","166","166","137","137","203","203","223","223","100","98","168","175","235","232","","",""
"QH-E-6-8","E-6-","148","146","228","230","179","175","204","215","175","184","137","137","196","210","223","223","100","100","169","175","232","232","","",""
"QH-E-6-10","E-6-","148","148","226","226","169","155","161","204","166","166","137","137","210","212","223","225","100","96","169","169","235","235","","",""
"QH-E-6-11","E-6-","146","146","226","228","179","157","161","204","175","170","137","137","210","212","224","224","100","100","168","168","232","232","","",""
"QH-E-6-13","E-6-","145","148","226","218","179","165","161","161","166","175","137","139","210","212","225","225","100","98","169","171","235","237","","",""
"QH-E-6-14","E-6-","148","148","226","216","169","159","161","217","166","169","137","137","212","203","223","215","98","121","166","177","235","232","","",""
"QH-E-7-1","E-8-","148","148","226","214","169","157","161","206","166","175","137","155","212","201","223","223","100","98","168","168","220","246","","",""
"QH-E-7-2","E-8-","146","146","226","226","179","179","202","207","166","175","137","139","208","203","223","223","100","100","169","171","232","232","","",""
"QH-E-7-3","E-8-","145","145","0","0","157","165","204","204","166","169","137","155","212","207","223","223","100","100","168","168","235","235","","",""
"QH-E-7-5","E-8-","148","146","0","0","169","157","161","204","175","169","137","137","212","214","223","225","100","96","168","168","235","232","","",""
"QH-E-7-6","E-8-","148","146","0","0","157","171","161","161","166","169","137","137","208","214","223","225","100","96","169","167","235","232","","",""
"QH-E-7-8","E-8-","145","145","226","228","157","157","161","208","175","170","137","137","210","201","223","223","96","98","170","170","235","220","","",""
"QH-E-7-9","E-8-","145","145","226","228","157","157","161","208","175","175","137","137","210","201","223","223","96","98","170","170","235","220","","",""
"QH-E-7-17","E-8-","142","161","226","228","157","159","204","204","175","175","135","137","201","201","223","223","100","98","168","176","235","220","","",""
"QH-E-7-18","E-8-","145","145","226","226","155","165","161","204","175","175","137","137","201","201","225","225","100","98","168","168","235","231","","",""
"QH-E-7-19","E-8-","148","161","216","216","169","179","204","208","166","175","135","137","196","206","223","223","100","98","172","174","232","236","","",""
"QH-E-7-20","E-8-","145","161","226","228","169","155","161","161","175","175","137","137","202","196","223","223","100","100","169","175","220","220","","",""
"QH-E-7-21","E-8-","148","161","226","226","169","157","161","204","166","175","137","137","201","207","223","223","100","100","168","175","232","220","","",""
"QH-E-7-22","E-8-","145","161","226","226","169","157","161","204","175","175","137","137","202","201","223","225","100","100","167","175","220","220","","",""
"QH-E-7-23","E-8-","145","161","226","224","169","157","161","204","175","175","137","137","202","201","223","225","100","100","167","175","220","220","","",""
"QH-E-7-25","E-8-","145","161","226","226","169","157","161","204","176","176","137","137","202","201","223","225","100","100","167","175","220","220","","",""
"QH-E-7-26","E-8-","146","146","226","224","157","171","161","204","166","175","137","137","202","212","223","223","100","98","168","175","232","220","","",""
"QH-E-7-27","E-8-","146","161","226","228","169","169","161","161","175","161","137","137","202","196","223","215","100","100","169","174","220","220","","",""
"QH-E-8-1","E-8-","145","146","226","226","160","163","202","202","166","175","137","141","208","208","223","223","100","96","168","168","232","241","","",""
"QH-E-8-2","E-8-","145","148","226","218","157","165","161","161","166","178","137","137","212","201","223","223","100","96","168","171","232","220","","",""
"QH-E-8-3","E-8-","145","145","226","228","155","165","204","205","166","175","137","137","201","201","223","225","100","100","168","164","220","229","","",""
"QH-E-8-4","E-8-","145","148","226","226","157","155","161","209","166","175","137","137","198","198","224","224","100","100","168","171","220","220","","",""
"QH-E-8-6","E-8-","145","148","226","226","157","155","161","209","166","175","137","137","198","198","224","226","100","100","168","171","220","220","","",""
"QH-E-8-7","E-8-","148","142","226","226","157","159","161","208","175","175","137","137","208","207","223","223","96","98","169","167","232","220","","",""
"QH-E-8-8","E-8-","148","148","226","228","169","171","204","200","166","175","137","141","202","202","223","223","100","100","168","168","229","237","","",""
"QH-E-8-9","E-8-","148","148","226","226","169","171","161","204","166","166","137","137","208","206","223","223","100","96","169","167","235","232","","",""
"QH-E-8-10","E-8-","145","148","226","226","179","165","161","161","175","178","137","137","210","205","223","225","100","100","162","162","235","232","","",""
"QH-E-8-11","E-8-","145","148","226","226","179","165","161","161","175","178","137","137","210","205","223","225","100","100","169","169","235","232","","",""
"QH-E-8-12","E-8-","148","148","226","226","169","157","206","208","166","175","137","137","212","212","223","223","100","100","169","169","235","220","","",""
"QH-E-8-14","E-8-","148","146","226","200","179","157","204","208","166","175","137","137","196","201","223","223","100","100","169","170","232","220","","",""
"QH-E-8-15","E-8-","148","146","226","226","167","171","161","204","175","184","137","137","196","214","223","223","100","100","168","168","235","232","","",""
"QH-E-8-16","E-8-","145","148","226","228","157","171","204","208","175","184","137","137","216","216","223","223","100","99","169","167","232","220","","",""
"QH-E-8-18","E-8-","145","148","226","230","157","155","0","0","166","175","137","137","210","201","223","223","100","100","160","169","232","246","","",""
"QH-E-8-20","E-8-","145","148","226","226","157","155","204","204","166","175","137","139","216","216","223","223","100","98","160","167","235","232","","",""
"QH-E-8-21","E-8-","148","148","226","226","169","157","161","204","175","175","139","139","196","216","223","223","100","100","167","171","232","232","","",""
"QH-E-8-22","E-8-","148","146","228","220","157","165","161","204","166","175","137","137","196","201","223","223","100","96","168","168","232","232","","",""
"QH-E-8-24","E-8-","148","146","226","226","179","157","204","208","166","175","137","137","210","210","225","225","100","98","169","159","235","232","","",""
"QH-E-8-25","E-8-","146","146","228","228","157","157","204","204","166","175","137","139","212","201","223","223","100","100","169","167","232","220","","",""
"QH-E-8-27","E-8-","148","148","226","226","157","157","161","161","166","166","137","137","196","216","223","255","100","100","169","169","232","232","","",""
"QH-E-8-28","E-8-","145","148","226","226","157","157","161","161","166","175","137","137","210","201","223","223","100","100","171","171","232","232","","",""
"QH-E-8-30","E-8-","148","148","226","226","179","157","161","204","175","175","137","137","201","201","225","225","100","100","168","168","232","232","","",""
"QH-E-AUX5-1","E-AUX5-","145","148","226","226","157","157","161","204","175","175","137","137","203","203","223","223","100","100","168","168","232","220","","",""
"QH-E-AUX5-2","E-AUX5-","148","146","226","224","157","157","161","204","175","175","137","137","203","203","223","223","100","100","168","168","232","220","","",""
"QH-E-AUX5-3","E-AUX5-","148","148","226","226","179","157","161","161","166","175","137","137","199","199","223","223","96","98","169","169","232","236","","",""
"QH-E-AUX5-5","E-AUX5-","145","148","226","226","157","157","204","204","166","175","137","137","205","234","223","225","100","100","169","169","235","232","","",""
"QH-E-AUX5-8","E-AUX5-","145","148","228","228","157","157","161","204","175","175","137","137","201","201","223","223","100","100","167","159","235","229","","",""
"QH-E-AUX5-10","E-AUX5-","148","148","226","226","179","157","204","204","175","175","137","137","218","203","225","225","100","100","168","160","235","232","","",""
"QH-W-1-1","W-1-","145","145","208","208","165","167","202","217","171","171","137","137","201","207","223","223","102","102","160","159","229","252","","",""
"QH-W-1-2","W-1-","146","146","208","208","157","167","204","206","178","171","137","137","214","199","223","223","102","102","159","164","229","252","","",""
"QH-W-1-3","W-1-","145","145","208","208","165","165","206","206","178","171","137","137","210","207","223","223","100","102","164","164","229","229","","",""
"QH-W-1-4","W-1-","146","146","230","230","157","165","204","207","178","171","137","137","201","207","223","223","102","102","168","177","252","252","","",""
"QH-W-1-5","W-1-","145","140","200","208","157","167","206","217","171","165","137","137","214","207","223","223","102","102","164","164","229","252","","",""
"QH-W-1-6","W-1-","0","0","208","208","165","167","207","219","171","171","137","137","207","207","223","223","102","102","160","164","229","252","","",""
"QH-W-1-7","W-1-","145","145","228","208","165","165","204","206","171","171","137","137","210","207","223","223","102","102","160","164","229","229","","",""
"QH-W-1-10","W-1-","145","145","230","208","165","167","206","219","178","171","137","137","201","201","223","223","102","104","159","164","229","252","","",""
"QH-W-1-11","W-1-","145","145","220","208","165","167","204","206","171","171","137","137","201","207","223","223","102","102","168","160","229","229","","",""
"QH-W-1-12","W-1-","145","145","220","208","165","167","204","206","171","171","137","137","201","207","223","223","102","102","168","160","229","252","","",""
"QH-W-1-16","W-1-","0","0","220","208","167","167","217","243","178","178","137","137","207","199","225","225","102","102","166","164","252","254","","",""
"QH-W-1-17","W-1-","145","145","208","208","165","167","204","209","178","171","137","137","207","207","225","225","102","144","159","164","229","252","","",""
"QH-W-1-18","W-1-","146","146","220","208","169","157","217","217","178","178","137","137","199","199","223","225","102","102","159","164","229","254","","",""
"QH-W-1-21","W-1-","0","0","220","208","157","167","209","217","178","178","137","137","207","199","225","225","102","102","160","160","252","252","","",""
"QH-W-1-22","W-1-","145","145","220","220","165","167","204","239","178","178","137","137","210","210","225","225","102","102","159","172","252","254","","",""
"QH-W-1-23","W-1-","0","0","220","208","167","167","217","239","178","178","137","137","210","199","223","223","102","127","166","172","252","252","","",""
"QH-W-1-24","W-1-","0","0","220","208","167","167","209","237","178","178","137","137","199","199","223","225","102","102","166","159","252","254","","",""
"QH-W-1-27","W-1-","145","145","220","208","165","167","204","219","178","171","137","137","226","199","224","224","100","100","159","164","252","252","","",""
"QH-W-1-28","W-1-","145","145","228","236","165","167","204","206","178","171","137","137","207","199","225","225","102","102","159","164","252","254","","",""
"QH-W-1-29","W-1-","146","146","230","208","165","165","206","206","178","171","137","137","207","224","223","223","100","102","160","160","235","252","","",""
"QH-W-1-30","W-1-","0","0","230","220","165","167","206","217","178","171","137","137","207","224","223","223","102","102","160","160","252","252","","",""
"QH-W-1-33","W-1-","146","146","208","210","163","165","204","206","178","178","137","137","224","224","224","224","102","102","160","159","229","252","","",""
"QH-W-1-34","W-1-","145","145","220","208","165","167","204","206","178","171","137","137","208","207","223","223","102","102","160","159","252","252","","",""
"QH-W-1-35","W-1-","145","145","220","220","165","165","204","204","178","171","137","144","210","201","224","226","102","102","160","164","229","252","","",""
"QH-W-1-36","W-1-","145","145","230","220","165","165","204","206","171","171","137","137","210","207","223","223","102","102","160","164","229","252","","",""
"QH-W-10-1","W-10-","146","146","226","230","179","165","204","213","181","171","137","137","210","212","224","224","102","106","173","173","229","240","","",""
"QH-W-10-2","W-10-","148","146","226","230","179","173","204","204","181","171","137","137","196","203","223","223","114","117","166","159","232","229","","",""
"QH-W-10-3","W-10-","146","146","226","230","179","165","204","213","181","171","137","137","196","203","224","224","102","106","173","173","229","240","","",""
"QH-W-10-4","W-10-","148","148","226","238","177","173","204","213","181","181","137","137","203","230","224","224","121","117","169","159","223","229","","",""
"QH-W-10-5","W-10-","148","146","226","226","165","177","204","204","181","171","137","137","212","208","223","223","93","110","168","160","229","237","","",""
"QH-W-10-6","W-10-","145","145","226","226","179","157","204","215","181","181","137","137","201","201","223","223","102","121","175","159","223","229","","",""
"QH-W-10-7","W-10-","146","146","226","218","157","165","204","215","181","181","137","137","212","201","223","223","0","0","168","175","223","229","","",""
"QH-W-10-11","W-10-","146","146","228","220","179","177","204","215","181","181","137","137","205","204","223","223","102","114","170","173","229","229","","",""
"QH-W-10-12","W-10-","145","148","228","228","159","159","204","204","181","171","137","137","207","230","223","223","121","139","160","161","229","229","","",""
"QH-W-10-13","W-10-","148","148","226","228","159","177","204","204","181","181","137","137","212","207","223","223","121","127","171","161","229","229","","",""
"QH-W-10-15","W-10-","148","148","228","230","169","159","204","213","172","181","137","137","203","203","223","223","106","125","166","166","223","229","","",""
"QH-W-10-16","W-10-","145","148","218","218","157","159","215","227","181","181","135","137","216","230","223","223","102","117","160","176","235","229","","",""
"QH-W-10-17","W-10-","146","146","218","218","169","171","204","215","172","181","137","137","206","206","223","223","102","125","160","175","235","229","","",""
"QH-W-10-18","W-10-","145","145","226","228","157","163","204","204","172","181","137","137","208","203","224","224","117","117","160","162","229","229","","",""
"QH-W-10-19","W-10-","148","146","226","218","159","165","215","227","170","181","137","137","212","212","223","223","117","110","160","160","229","228","","",""
"QH-W-10-21","W-10-","148","148","226","228","157","159","221","221","181","181","137","137","210","201","282","282","119","110","168","169","229","237","","",""
"QH-W-10-24","W-10-","145","145","226","200","157","177","206","215","181","181","137","137","212","201","224","279","119","110","169","167","229","229","","",""
"QH-W-10-27","W-10-","148","146","226","226","169","159","206","215","170","181","137","137","208","203","223","223","119","110","160","162","229","237","","",""
"QH-W-10-28","W-10-","145","148","226","208","165","175","206","202","181","181","137","137","205","205","223","223","0","0","170","170","229","231","","",""
"QH-W-10-29","W-10-","148","148","218","208","157","165","206","202","175","175","137","155","205","207","278","278","119","117","168","170","252","231","","",""
"QH-W-10-30","W-10-","148","146","226","226","179","185","206","215","171","171","137","139","196","212","221","221","102","110","160","167","237","247","","",""
"QH-W-10-31","W-10-","148","146","226","230","169","169","206","215","181","181","137","137","201","207","223","223","102","117","168","171","232","231","","",""
"QH-W-11-1","W-11-","146","146","202","222","160","165","206","213","178","178","137","137","212","207","223","225","102","102","160","170","252","226","","",""
"QH-W-11-3","W-11-","146","146","218","222","160","165","206","213","178","171","137","137","201","207","223","223","102","102","170","164","252","226","","",""
"QH-W-11-4","W-11-","146","146","218","220","179","167","204","204","178","171","137","137","201","216","223","223","102","102","160","160","252","252","","",""
"QH-W-11-5","W-11-","145","145","228","242","165","165","204","206","178","170","137","137","214","214","223","223","102","102","160","160","229","252","","",""
"QH-W-11-6","W-11-","146","151","208","208","165","165","204","213","169","169","137","137","208","205","223","223","102","133","160","166","252","253","","",""
"QH-W-11-7","W-11-","146","146","220","194","163","165","204","206","175","181","137","137","198","224","221","221","102","102","161","161","229","252","","",""
"QH-W-11-8","W-11-","145","151","218","208","163","165","206","213","178","171","137","137","205","207","223","223","102","102","160","160","226","253","","",""
"QH-W-11-9","W-11-","145","145","230","220","169","157","204","206","169","181","137","137","208","203","223","219","102","123","160","164","232","229","","",""
"QH-W-11-10","W-11-","145","145","230","234","157","173","204","204","169","169","137","137","203","222","223","223","102","102","160","160","229","252","","",""
"QH-W-11-11","W-11-","145","148","228","220","163","167","219","213","178","170","137","137","201","222","223","223","102","131","166","162","229","252","","",""
"QH-W-11-12","W-11-","148","146","228","218","163","167","204","206","175","178","137","137","210","203","223","223","102","102","160","163","226","226","","",""
"QH-W-11-13","W-11-","144","144","226","220","169","165","204","183","175","181","137","137","208","208","223","219","123","125","160","164","232","229","","",""
"QH-W-11-14","W-11-","146","141","226","230","163","167","204","208","175","178","137","137","226","212","223","223","102","102","170","164","229","237","","",""
"QH-W-11-15","W-11-","145","145","228","230","160","157","204","206","175","171","137","137","208","208","224","278","102","102","160","173","252","252","","",""
"QH-W-11-16","W-11-","145","145","228","230","160","157","204","206","175","171","137","137","208","208","224","278","102","102","160","173","252","245","","",""
"QH-W-11-17","W-11-","146","146","228","230","165","167","209","213","178","181","137","137","210","208","223","223","102","123","167","161","229","237","","",""
"QH-W-11-18","W-11-","146","146","208","208","165","165","204","204","169","181","137","137","216","220","223","225","102","152","160","160","232","236","","",""
"QH-W-11-19","W-11-","146","146","230","218","165","165","204","213","181","171","137","137","228","220","223","223","102","117","160","160","229","226","","",""
"QH-W-11-20","W-11-","146","146","218","234","165","167","204","204","171","171","137","137","208","228","223","223","102","102","160","160","229","226","","",""
"QH-W-12-1","W-12-","145","145","226","194","163","173","204","204","178","170","137","137","202","208","223","223","102","114","168","160","229","229","","",""
"QH-W-12-2","W-12-","146","146","216","208","163","165","204","204","169","169","137","137","199","199","223","223","102","102","160","160","229","260","","",""
"QH-W-12-3","W-12-","146","146","228","220","169","169","204","211","169","169","137","137","201","201","223","223","102","102","160","164","252","252","","",""
"QH-W-12-4","W-12-","146","146","238","194","163","163","208","223","175","178","137","137","201","203","223","223","102","102","160","160","229","252","","",""
"QH-W-12-6","W-12-","146","146","228","220","169","169","204","211","170","170","137","137","201","201","223","223","102","102","160","164","252","252","","",""
"QH-W-12-8","W-12-","146","146","228","228","165","173","204","213","178","170","137","137","201","216","222","222","102","102","170","170","252","252","","",""
"QH-W-12-10","W-12-","146","146","218","210","157","157","204","204","171","171","137","137","216","214","223","223","102","102","168","160","229","229","","",""
"QH-W-12-11","W-12-","146","146","236","210","157","157","204","209","170","170","137","137","201","216","223","223","102","102","168","166","229","252","","",""
"QH-W-12-12","W-12-","146","146","226","220","157","163","204","211","171","171","137","137","201","216","223","223","102","102","0","0","229","252","","",""
"QH-W-12-13","W-12-","146","146","232","208","157","163","204","206","178","170","137","137","201","206","223","223","102","117","160","187","229","252","","",""
"QH-W-12-14","W-12-","145","145","228","220","163","167","206","211","178","171","137","137","216","207","223","223","102","102","168","159","252","252","","",""
"QH-W-12-15","W-12-","146","146","228","202","157","157","204","206","178","170","137","137","216","207","223","223","102","114","160","160","232","260","","",""
"QH-W-12-16","W-12-","145","145","208","194","165","177","204","206","178","171","137","137","214","214","223","223","119","129","168","166","229","229","","",""
"QH-W-12-17","W-12-","145","145","226","208","167","167","204","208","172","172","137","137","210","204","223","223","117","125","168","166","229","229","","",""
"QH-W-12-20","W-12-","146","146","220","208","165","171","209","209","175","178","137","137","214","220","223","223","125","129","161","174","229","229","","",""
"QH-W-2-1","W-2-","145","148","228","232","159","163","204","213","181","181","137","137","210","210","225","225","133","112","160","166","220","231","","",""
"QH-W-2-3","W-2-","148","148","218","232","159","159","204","202","181","181","137","137","210","210","223","225","119","133","167","167","220","220","","",""
"QH-W-2-5","W-2-","148","146","226","202","159","159","204","204","181","181","137","137","216","216","223","225","119","150","159","174","223","231","","",""
"QH-W-2-6","W-2-","146","146","218","218","165","167","204","204","176","181","137","137","207","207","223","225","110","110","166","159","229","229","","",""
"QH-W-2-7","W-2-","146","146","226","226","165","167","204","215","181","163","137","137","207","207","223","223","102","150","160","159","223","223","","",""
"QH-W-2-9","W-2-","145","145","226","202","165","165","204","202","178","181","137","137","208","208","223","225","123","110","160","166","231","231","","",""
"QH-W-2-11","W-2-","148","148","228","204","171","173","204","204","171","171","137","137","205","205","223","225","127","117","170","164","229","252","","",""
"QH-W-3-20","W-3-","148","146","226","228","179","173","204","204","181","181","137","137","218","201","223","223","93","93","167","167","229","229","","",""
"QH-W-3-1","W-3-","146","146","226","220","179","179","204","204","172","172","137","137","218","218","223","223","102","112","160","162","229","260","","",""
"QH-W-3-2","W-3-","146","146","224","220","179","179","204","215","181","181","137","137","212","212","223","223","102","104","160","160","229","252","","",""
"QH-W-3-4","W-3-","146","146","224","220","179","179","204","215","175","181","137","137","212","212","223","223","102","104","160","160","229","252","","",""
"QH-W-3-5","W-3-","146","140","228","232","179","173","204","240","0","0","137","137","196","196","223","223","102","121","168","168","229","229","","",""
"QH-W-3-6","W-3-","146","146","228","232","179","179","204","240","169","181","137","137","196","196","223","223","102","121","168","168","229","229","","",""
"QH-W-3-7","W-3-","145","143","226","228","165","167","206","202","181","181","137","137","218","212","223","223","123","117","167","171","229","229","","",""
"QH-W-3-8","W-3-","0","0","226","228","165","167","206","202","181","181","137","137","218","212","223","223","123","117","167","171","229","229","","",""
"QH-W-3-9","W-3-","0","0","232","208","179","167","204","240","181","181","137","137","216","216","223","223","102","110","168","168","223","229","","",""
"QH-W-3-10","W-3-","0","0","226","232","179","167","204","204","181","171","137","137","216","216","223","223","102","93","167","161","229","252","","",""
"QH-W-3-11","W-3-","146","146","232","208","179","179","204","204","181","181","135","137","210","201","225","225","93","121","160","166","229","229","","",""
"QH-W-3-12","W-3-","146","146","226","228","157","163","204","204","181","181","137","137","218","216","223","223","102","102","168","168","229","229","","",""
"QH-W-3-13","W-3-","0","0","226","228","179","167","204","202","171","171","137","137","210","199","224","226","104","123","161","161","229","252","","",""
"QH-W-3-14","W-3-","145","148","200","232","163","173","204","213","181","171","137","137","203","199","223","223","93","121","166","175","229","229","","",""
"QH-W-3-15","W-3-","145","146","200","236","163","165","204","213","181","171","137","137","199","204","223","223","102","121","168","166","229","252","","",""
"QH-W-3-16","W-3-","146","146","224","232","167","167","204","204","181","171","137","137","196","196","223","223","102","114","160","169","229","229","","",""
"QH-W-3-17","W-3-","146","146","224","232","179","167","204","204","181","171","137","137","196","203","223","223","102","114","169","166","229","229","","",""
"QH-W-3-18","W-3-","145","146","224","220","163","165","204","204","181","171","137","137","204","204","223","223","102","93","168","160","229","229","","",""
"QH-W-3-19","W-3-","145","145","226","224","163","165","204","204","181","181","137","137","205","205","224","224","102","93","168","175","229","229","","",""
"QH-W-3-21","W-3-","146","146","226","228","179","165","204","204","169","172","137","137","205","199","223","223","102","102","168","161","235","229","","",""
"QH-W-3-22","W-3-","148","146","226","224","179","167","202","202","181","181","137","137","196","196","223","223","117","129","169","161","235","252","","",""
"QH-W-3-23","W-3-","146","146","226","194","179","179","204","204","169","181","137","137","208","208","223","223","102","102","168","173","235","229","","",""
"QH-W-3-24","W-3-","0","0","200","200","157","167","206","206","172","181","137","137","201","199","223","223","102","110","160","171","229","229","","",""
"QH-W-3-25","W-3-","146","146","226","200","179","165","206","206","181","181","137","137","199","199","223","223","117","117","161","176","229","229","","",""
"QH-W-3-26","W-3-","146","146","228","232","179","163","204","204","181","181","137","139","226","226","223","223","102","129","160","169","235","229","","",""
"QH-W-3-27","W-3-","146","146","228","210","179","179","204","204","181","171","137","137","196","212","223","223","102","93","159","159","229","229","","",""
"QH-W-3-28","W-3-","146","146","226","226","159","165","204","204","181","171","137","137","202","208","223","223","121","129","161","161","232","229","","",""
"QH-W-3-29","W-3-","146","146","226","210","179","165","204","204","181","181","135","137","208","208","223","223","102","102","160","166","232","229","","",""
"QH-W-3-30","W-3-","148","148","208","208","173","173","204","213","181","171","137","137","212","199","223","223","117","117","168","159","223","229","","",""
"QH-W-3-31","W-3-","146","146","226","208","179","157","211","211","178","181","137","137","201","216","223","223","102","114","168","159","223","229","","",""
"QH-W-3-32","W-3-","146","146","228","244","179","157","204","239","181","181","137","137","208","205","223","223","102","110","168","160","229","252","","",""
"QH-W-3-33","W-3-","146","146","228","196","173","185","206","207","181","181","137","137","210","204","223","223","102","110","167","161","229","229","","",""
"QH-W-4-1","W-4-","146","143","238","240","157","181","204","206","169","169","137","137","210","207","223","223","102","117","170","174","229","241","","",""
"QH-W-4-3","W-4-","146","146","226","238","165","181","206","206","181","171","137","139","212","207","0","0","0","0","160","174","229","237","","",""
"QH-W-4-4","W-4-","146","146","226","238","165","181","206","206","181","171","137","139","212","207","224","224","0","0","160","174","229","237","","",""
"QH-W-4-11","W-4-","146","146","230","220","157","167","206","213","178","169","137","137","202","202","224","224","121","168","168","159","229","229","","",""
"QH-W-4-12","W-4-","148","146","230","200","157","159","206","213","169","171","137","137","202","196","276","276","93","168","160","159","229","228","","",""
"QH-W-4-13","W-4-","146","146","230","194","157","165","204","213","178","169","137","137","202","205","224","224","102","168","160","159","229","252","","",""
"QH-W-4-14","W-4-","0","0","226","205","157","167","204","204","166","171","137","137","202","207","221","221","106","170","160","160","229","252","","",""
"QH-W-4-15","W-4-","0","0","226","220","163","167","204","213","171","171","137","137","201","216","223","278","102","106","160","160","229","229","","",""
"QH-W-4-16","W-4-","146","146","230","220","163","167","204","219","181","181","137","137","210","205","223","223","102","121","168","174","229","229","","",""
"QH-W-4-17","W-4-","0","0","226","230","163","167","204","204","181","171","137","137","202","205","225","225","102","170","160","170","229","229","","",""
"QH-W-4-18","W-4-","148","146","226","230","163","167","204","206","181","181","137","137","202","196","223","223","102","121","160","157","229","229","","",""
"QH-W-4-19","W-4-","145","145","216","194","165","165","204","204","175","181","137","137","210","203","223","223","102","121","160","160","252","252","","",""
"QH-W-4-20","W-4-","146","146","226","220","165","171","204","204","169","181","137","137","214","214","225","225","102","102","160","170","229","252","","",""
"QH-W-4-21","W-4-","145","146","230","220","155","167","204","206","178","181","137","137","196","205","223","223","102","121","168","160","229","255","","",""
"QH-W-4-22","W-4-","145","148","226","208","179","165","204","204","178","181","137","137","202","196","223","223","121","121","160","170","229","252","","",""
"QH-W-4-23","W-4-","0","0","226","230","167","167","204","206","181","171","137","137","202","205","223","223","102","102","160","160","229","229","","",""
"QH-W-4-24","W-4-","146","146","226","220","165","167","204","206","169","181","137","137","205","205","223","223","102","121","160","160","234","255","","",""
"QH-W-4-25","W-4-","146","146","230","202","163","167","204","206","178","181","137","137","212","205","223","223","102","102","168","160","229","255","","",""
"QH-W-4-26","W-4-","0","0","226","206","157","167","204","202","171","171","137","137","202","216","223","221","106","106","160","166","229","252","","",""
"QH-W-4-27","W-4-","148","143","220","208","179","163","204","206","178","181","137","137","202","202","223","223","102","139","160","160","252","255","","",""
"QH-W-4-28","W-4-","0","0","226","208","163","167","204","202","172","179","137","137","216","216","223","223","102","102","168","166","229","229","","",""
"QH-W-4-29","W-4-","145","148","226","194","179","165","204","204","178","178","137","137","202","205","223","223","121","139","160","160","229","252","","",""
"QH-W-4-30","W-4-","0","0","226","208","157","167","204","204","172","181","137","139","202","203","223","223","102","102","160","174","223","229","","",""
"QH-W-4-31","W-4-","145","146","226","220","167","171","204","206","178","181","137","137","202","196","223","223","102","102","160","170","229","255","","",""
"QH-W-4-32","W-4-","0","0","220","206","155","167","204","206","181","171","137","137","202","205","223","221","121","121","168","160","252","255","","",""
"QH-W-4-33","W-4-","0","0","226","230","179","167","204","204","178","171","137","137","202","202","223","223","121","121","160","170","229","229","","",""
"QH-W-5-1","W-5-","145","148","222","222","169","167","204","219","181","171","137","139","212","201","223","223","123","110","160","163","223","252","","",""
"QH-W-5-2","W-5-","145","148","200","220","159","165","204","202","181","181","137","137","201","208","223","223","100","102","168","161","223","255","","",""
"QH-W-5-3","W-5-","146","146","226","220","165","185","204","204","181","171","137","137","216","203","223","223","102","117","168","160","232","255","","",""
"QH-W-5-4","W-5-","148","143","230","205","169","163","204","213","171","171","137","137","203","238","223","223","102","102","159","162","229","252","","",""
"QH-W-5-5","W-5-","146","146","226","226","165","181","204","204","181","171","137","137","220","220","224","224","102","102","160","162","229","229","","",""
"QH-W-5-6","W-5-","143","143","226","200","169","163","204","206","178","181","137","137","210","216","223","223","102","110","160","174","252","258","","",""
"QH-W-5-7","W-5-","145","143","226","200","169","163","204","206","178","181","137","137","210","216","223","223","102","110","160","174","252","258","","",""
"QH-W-5-8","W-5-","146","146","230","200","163","167","204","204","178","181","137","137","201","216","223","223","102","110","169","164","232","229","","",""
"QH-W-5-9","W-5-","148","148","226","226","163","163","204","206","172","181","137","137","210","212","223","223","102","102","164","163","229","252","","",""
"QH-W-5-10","W-5-","145","148","226","226","169","167","204","211","181","181","137","137","208","208","223","223","102","154","172","161","235","252","","",""
"QH-W-5-11","W-5-","145","148","226","226","169","167","204","211","181","181","137","137","208","208","223","223","102","148","172","161","235","252","","",""
"QH-W-5-12","W-5-","148","146","226","218","159","185","204","207","181","171","137","137","228","203","223","223","102","121","160","160","232","229","","",""
"QH-W-5-13","W-5-","146","146","226","196","165","185","225","225","178","181","137","137","218","203","223","223","100","102","0","0","232","229","","",""
"QH-W-5-14","W-5-","146","146","226","226","185","183","204","206","181","171","137","137","201","203","223","223","121","158","160","164","232","229","","",""
"QH-W-5-15","W-5-","146","146","226","226","185","189","204","206","181","171","137","137","201","203","223","223","121","158","160","164","232","229","","",""
"QH-W-5-16","W-5-","148","146","222","196","159","165","204","204","178","171","137","139","226","205","223","223","102","119","177","162","223","229","","",""
"QH-W-5-19","W-5-","145","148","226","230","163","163","204","204","169","181","137","137","210","207","223","225","102","93","168","160","229","252","","",""
"QH-W-5-20","W-5-","145","148","226","222","163","173","204","206","169","169","137","137","205","203","223","223","102","102","168","168","229","241","","",""
"QH-W-5-22","W-5-","145","146","230","202","169","169","204","213","181","171","137","137","201","208","223","223","121","117","166","166","223","229","","",""
"QH-W-5-23","W-5-","145","145","226","232","169","175","204","217","172","172","137","137","208","208","223","223","102","117","165","165","229","241","","",""
"QH-W-5-24","W-5-","146","146","226","234","167","167","204","204","181","171","137","137","208","203","223","223","117","117","160","172","252","258","","",""
"QH-W-5-25","W-5-","145","148","226","222","163","163","219","219","181","181","137","137","208","208","225","225","102","102","169","172","223","231","","",""
"QH-W-5-26","W-5-","146","146","226","226","163","165","204","225","170","184","137","137","208","208","0","0","102","102","167","163","229","258","","",""
"QH-W-5-27","W-5-","145","148","226","200","163","167","204","213","181","171","137","137","212","212","223","223","102","123","160","171","223","223","","",""
"QH-W-5-28","W-5-","148","146","226","222","179","159","204","224","181","181","135","137","196","224","223","223","117","110","159","174","229","258","","",""
"QH-W-5-29","W-5-","145","148","216","200","169","159","204","206","181","171","137","137","201","201","224","224","102","121","170","162","232","255","","",""
"QH-W-5-30","W-5-","146","143","230","206","165","183","204","204","178","181","137","137","208","207","223","223","102","102","166","161","252","252","","",""
"QH-W-6-1","W-6-","146","146","228","230","179","179","204","204","169","181","135","137","212","205","223","223","119","121","160","159","229","229","","",""
"QH-W-6-2","W-6-","145","145","226","208","165","181","204","204","181","181","137","137","216","208","223","223","117","110","160","174","223","252","","",""
"QH-W-6-3","W-6-","145","145","226","226","157","165","206","213","181","171","137","137","208","205","223","223","102","102","168","164","223","229","","",""
"QH-W-6-4","W-6-","145","145","228","230","163","165","204","204","181","181","137","137","210","222","223","223","102","119","160","174","229","229","","",""
"QH-W-6-5","W-6-","148","148","226","200","157","173","204","215","181","181","137","137","196","248","223","223","119","119","174","174","229","229","","",""
"QH-W-6-7","W-6-","146","146","226","226","157","165","204","206","170","181","137","137","196","212","223","223","102","93","160","164","229","229","","",""
"QH-W-6-8","W-6-","145","145","226","230","163","165","204","204","181","171","137","137","218","222","278","278","102","102","161","164","229","252","","",""
"QH-W-6-9","W-6-","145","146","226","228","157","175","213","213","181","171","137","137","230","204","224","224","106","121","162","162","234","223","","",""
"QH-W-6-10","W-6-","148","146","226","200","179","163","213","221","181","181","137","137","208","203","223","223","102","117","167","162","235","252","","",""
"QH-W-6-11","W-6-","145","148","228","222","165","167","204","206","181","181","135","137","199","220","223","223","119","121","160","162","235","229","","",""
"QH-W-6-12","W-6-","148","146","226","222","167","175","204","213","178","181","137","137","226","216","223","223","102","119","166","164","229","241","","",""
"QH-W-6-13","W-6-","145","145","226","226","173","173","204","204","181","181","137","137","196","196","278","278","119","123","166","166","229","229","","",""
"QH-W-6-14","W-6-","145","148","228","230","169","173","204","211","181","181","137","137","196","210","224","224","106","117","160","160","229","252","","",""
"QH-W-6-15","W-6-","145","148","226","230","157","189","204","206","181","171","137","137","210","212","223","223","102","154","168","160","229","229","","",""
"QH-W-6-16","W-6-","145","148","226","210","165","171","204","213","181","171","137","137","212","212","223","223","152","112","160","174","229","252","","",""
"QH-W-6-17","W-6-","146","146","226","228","169","165","204","204","171","171","137","137","214","204","223","223","123","110","169","157","229","229","","",""
"QH-W-6-18","W-6-","148","148","226","220","157","171","204","217","181","171","137","137","196","204","223","223","102","112","160","161","229","229","","",""
"QH-W-6-20","W-6-","145","148","226","230","167","177","204","213","178","181","137","137","210","216","278","278","102","123","160","160","235","231","","",""
"QH-W-6-22","W-6-","146","146","226","194","179","163","204","219","181","181","137","139","210","206","224","278","102","119","166","170","229","229","","",""
"QH-W-6-21","W-6-","146","146","220","222","179","157","204","204","181","181","137","137","218","220","223","223","102","102","160","160","229","229","","",""
"QH-W-6-23","W-6-","145","148","226","200","173","189","215","213","169","169","137","137","207","207","223","223","102","117","168","160","235","229","","",""
"QH-W-6-24","W-6-","146","146","226","202","179","165","215","215","181","171","137","137","210","210","223","223","102","114","160","160","229","229","","",""
"QH-W-6-25","W-6-","146","146","226","222","155","165","204","213","181","171","137","137","196","196","223","223","119","117","168","166","229","260","","",""
"QH-W-6-26","W-6-","146","146","226","222","163","165","204","213","181","171","137","137","210","210","225","225","112","170","160","172","255","224","","",""
"QH-W-6-27","W-6-","157","157","226","226","157","157","204","204","181","181","137","137","210","210","224","278","102","102","160","156","229","252","","",""
"QH-W-6-30","W-6-","145","148","226","228","165","171","204","204","181","171","137","137","218","204","223","223","114","131","159","159","235","252","","",""
"QH-W-6-31","W-6-","146","146","226","226","157","165","204","215","181","181","137","139","210","205","223","223","102","119","156","156","229","252","","",""
"QH-W-6-32","W-6-","148","148","228","200","157","163","204","213","171","171","137","137","212","212","223","223","102","102","160","159","229","229","","",""
"QH-W-6-33","W-6-","145","148","228","200","157","157","204","213","169","181","137","137","212","214","278","278","102","102","170","172","229","229","","",""
"QH-W-6-34","W-6-","146","146","218","220","179","187","204","204","181","171","137","137","212","214","223","223","106","106","168","160","229","229","","",""
"QH-W-6-35","W-6-","145","148","228","232","165","189","204","204","169","181","137","139","216","216","223","223","117","112","166","159","234","229","","",""
"QH-W-7-1","W-7-","145","148","226","200","163","165","204","204","181","181","137","137","216","208","223","223","102","110","167","166","229","252","","",""
"QH-W-7-2","W-7-","145","148","226","208","159","165","204","213","169","181","137","137","208","208","223","223","119","121","160","166","229","243","","",""
"QH-W-7-3","W-7-","148","151","226","202","159","165","206","223","181","171","137","137","212","206","224","278","102","117","160","167","229","229","","",""
"QH-W-7-5","W-7-","148","146","226","226","159","171","204","204","181","187","137","137","208","208","223","223","121","146","168","165","229","241","","",""
"QH-W-7-6","W-7-","145","148","226","226","159","165","204","204","169","181","137","137","208","204","223","223","119","117","166","166","235","229","","",""
"QH-W-7-7","W-7-","148","148","226","202","157","159","206","213","181","181","137","137","212","208","223","223","102","110","168","167","229","241","","",""
"QH-W-7-8","W-7-","148","146","218","220","159","167","204","206","181","190","137","137","218","224","223","223","102","106","168","160","229","241","","",""
"QH-W-7-9","W-7-","148","146","226","220","179","159","204","202","172","181","137","137","208","208","223","223","102","117","160","166","229","241","","",""
"QH-W-7-10","W-7-","146","146","226","220","179","171","204","206","181","171","137","137","210","210","223","223","102","117","160","160","241","247","","",""
"QH-W-7-11","W-7-","146","146","226","218","163","167","206","206","181","171","137","137","208","208","219","219","119","119","168","166","229","252","","",""
"QH-W-7-12","W-7-","146","146","226","226","171","171","204","206","178","171","137","137","196","196","223","223","102","112","168","174","229","229","","",""
"QH-W-7-13","W-7-","146","146","220","220","157","159","204","204","178","181","137","137","214","214","223","223","119","146","168","160","229","241","","",""
"QH-W-7-14","W-7-","146","146","228","230","181","181","204","204","172","172","137","137","224","224","223","223","114","112","160","160","229","247","","",""
"QH-W-7-15","W-7-","146","146","222","222","179","159","204","204","181","181","137","137","224","224","223","223","102","112","160","174","229","252","","",""
"QH-W-7-16","W-7-","146","146","226","226","179","171","204","206","181","171","137","137","224","224","223","223","119","146","168","160","229","229","","",""
"QH-W-7-17","W-7-","146","146","226","226","165","165","204","206","181","171","137","137","218","208","224","224","119","117","160","167","229","229","","",""
"QH-W-7-18","W-7-","145","145","226","208","177","189","213","233","166","172","137","137","216","208","223","223","119","119","168","160","243","255","","",""
"QH-W-7-19","W-7-","145","145","230","218","179","157","204","211","181","187","137","137","208","206","224","224","121","117","160","160","229","229","","",""
"QH-W-7-20","W-7-","148","146","230","200","159","167","208","211","178","181","137","137","202","202","223","223","102","139","160","160","229","252","","",""
"QH-W-7-21","W-7-","148","146","222","222","169","159","204","206","187","187","137","137","208","208","223","225","102","102","160","160","235","229","","",""
"QH-W-7-22","W-7-","145","148","226","228","159","187","204","213","181","171","137","137","203","222","278","278","102","110","160","167","235","229","","",""
"QH-W-7-23","W-7-","146","146","226","230","165","181","206","202","181","190","137","137","210","210","223","223","102","106","160","165","229","252","","",""
"QH-W-7-24","W-7-","146","151","226","222","165","171","204","206","181","174","137","137","212","212","223","223","119","112","160","167","232","229","","",""
"QH-W-7-25","W-7-","148","148","200","220","159","165","204","206","178","181","137","137","216","203","223","223","102","102","160","167","252","231","","",""
"QH-W-7-26","W-7-","145","145","226","218","163","175","204","237","169","169","137","137","196","212","223","223","102","121","160","160","232","229","","",""
"QH-W-7-27","W-7-","146","146","200","222","163","171","204","206","169","187","137","137","208","220","223","223","102","102","167","166","235","252","","",""
"QH-W-7-28","W-7-","146","151","226","222","165","171","204","206","181","171","137","137","208","208","223","223","112","112","167","167","229","229","","",""
"QH-W-7-29","W-7-","146","146","226","226","181","171","206","217","171","171","137","137","208","224","224","224","121","121","166","164","229","229","","",""
"QH-W-7-31","W-7-","145","145","226","226","165","189","206","233","169","181","137","137","216","203","223","223","102","123","167","167","229","229","","",""
"QH-W-7-32","W-7-","145","151","226","226","181","173","204","206","181","171","137","137","208","204","224","224","121","110","166","174","229","229","","",""
"QH-W-8-17","W-8-","145","145","230","202","179","165","204","204","181","171","137","139","226","216","223","223","102","121","172","172","234","229","","",""
"QH-W-8-1","W-8-","146","146","228","228","179","157","204","204","169","181","137","137","196","196","223","223","121","112","160","164","223","229","","",""
"QH-W-8-3","W-8-","148","146","230","200","157","159","204","204","181","171","137","137","201","201","223","223","102","110","160","170","229","252","","",""
"QH-W-8-4","W-8-","148","146","232","222","159","167","204","204","181","171","137","137","210","216","223","225","102","102","168","168","229","252","","",""
"QH-W-8-5","W-8-","148","146","230","200","157","159","204","204","181","171","137","137","196","201","223","223","102","110","160","170","229","252","","",""
"QH-W-8-8","W-8-","146","146","226","230","179","157","204","215","181","181","137","137","212","212","223","223","93","117","166","170","229","229","","",""
"QH-W-8-9","W-8-","146","146","230","200","179","165","204","215","181","171","135","137","218","212","223","223","102","139","160","171","223","252","","",""
"QH-W-8-11","W-8-","145","148","228","230","157","165","215","213","181","171","137","137","210","216","225","225","102","117","160","172","235","237","","",""
"QH-W-8-12","W-8-","145","148","226","202","179","165","204","204","181","181","137","137","196","216","223","223","102","121","169","167","229","229","","",""
"QH-W-8-13","W-8-","145","145","226","200","165","165","215","213","181","181","137","137","218","196","224","278","102","112","167","171","237","252","","",""
"QH-W-8-14","W-8-","145","145","226","200","157","165","215","219","181","171","137","137","226","222","278","278","102","102","175","173","237","252","","",""
"QH-W-8-15","W-8-","145","148","230","200","157","165","219","213","181","181","137","137","196","222","278","278","102","123","171","173","223","252","","",""
"QH-W-8-18","W-8-","145","148","226","202","165","165","204","204","169","171","137","137","216","216","223","223","0","0","160","160","229","229","","",""
"QH-W-8-19","W-8-","146","146","226","202","157","165","204","213","181","171","137","137","208","228","219","219","121","121","160","172","234","229","","",""
"QH-W-8-20","W-8-","146","146","226","228","169","165","204","202","169","181","137","137","196","216","223","225","102","112","160","170","229","229","","",""
"QH-W-8-21","W-8-","146","146","228","222","165","177","204","219","172","172","137","137","196","208","223","223","110","110","160","166","223","229","","",""
"QH-W-8-22","W-8-","148","148","230","220","159","159","204","204","181","181","137","137","212","216","223","223","121","121","168","166","229","222","","",""
"QH-W-8-23","W-8-","146","146","228","200","169","179","208","208","181","171","137","137","196","212","278","278","114","110","160","173","229","240","","",""
"QH-W-8-24","W-8-","145","140","228","202","179","165","204","197","175","181","137","139","226","212","278","278","102","110","172","172","229","240","","",""
"QH-W-8-25","W-8-","145","148","228","230","157","171","202","202","171","171","135","135","210","210","223","223","102","102","171","171","252","240","","",""
"QH-W-8-26","W-8-","148","146","228","200","179","171","204","204","181","171","135","135","196","210","278","278","102","121","171","171","229","240","","",""
"QH-W-8-27","W-8-","146","146","228","228","179","157","204","213","181","171","135","137","206","205","224","224","102","117","171","176","237","237","","",""
"QH-W-8-28","W-8-","146","146","228","222","157","157","204","204","181","171","137","137","196","212","0","0","102","112","170","159","229","241","","",""
"QH-W-8-29","W-8-","148","146","228","228","179","179","204","213","181","171","135","137","206","206","224","224","102","102","171","166","237","241","","",""
"QH-W-8-30","W-8-","145","148","226","228","157","171","204","204","169","171","137","136","208","199","223","223","127","117","168","159","229","252","","",""
"QH-W-8-31","W-8-","148","146","230","202","167","171","213","213","178","171","137","137","210","240","223","223","102","127","159","159","229","252","","",""
"QH-W-8-32","W-8-","148","146","228","230","171","183","204","213","169","171","137","137","210","208","223","223","127","127","160","159","229","252","","",""
"QH-W-8-33","W-8-","148","146","228","230","171","183","204","213","169","169","137","137","210","208","224","278","127","127","160","159","229","252","","",""
"QH-W-8-34","W-8-","146","146","226","226","165","165","204","215","181","181","137","137","208","208","223","219","102","123","171","161","229","229","","",""
"QH-W-8-35","W-8-","148","146","228","232","159","165","204","215","181","171","137","137","208","205","282","282","102","110","168","162","229","260","","",""
"QH-W-8-36","W-8-","148","146","226","200","159","165","204","204","169","171","135","137","224","224","225","225","121","110","160","159","229","229","","",""
"QH-W-8-37","W-8-","145","148","226","202","157","159","204","213","181","181","137","139","208","220","0","0","121","162","160","172","229","229","","",""
"QH-W-8-38","W-8-","148","148","226","200","159","183","204","213","181","171","137","137","210","224","278","278","93","121","168","160","229","229","","",""
"QH-W-8-39","W-8-","145","145","228","200","157","163","204","204","171","171","137","137","210","210","223","223","110","133","160","160","229","229","","",""
"QH-W-9-1","W-9-","145","145","226","222","159","183","204","204","172","181","137","137","208","208","225","225","117","117","173","161","229","229","","",""
"QH-W-9-2","W-9-","145","148","226","226","159","165","204","221","169","169","137","137","208","207","223","223","121","137","159","159","235","229","","",""
"QH-W-9-3","W-9-","145","145","226","226","165","177","204","237","181","171","137","137","216","216","223","223","102","110","168","167","229","229","","",""
"QH-W-9-4","W-9-","148","148","218","222","179","173","204","204","181","171","137","137","208","208","224","224","121","117","168","160","232","229","","",""
"QH-W-9-5","W-9-","148","146","226","210","179","157","204","202","171","171","137","139","208","204","0","0","102","102","164","164","229","229","","",""
"QH-W-9-6","W-9-","146","146","228","222","157","163","219","219","181","181","137","137","218","205","223","223","121","110","160","159","235","229","","",""
"QH-W-9-7","W-9-","145","148","226","202","165","173","204","204","181","181","137","137","208","204","223","223","102","112","160","175","241","226","","",""
"QH-W-9-9","W-9-","146","146","226","222","175","175","204","202","181","181","137","137","208","208","223","223","110","131","168","160","229","252","","",""
"QH-W-9-10","W-9-","146","146","228","228","163","183","204","204","181","181","135","135","218","212","278","282","102","93","168","166","229","226","","",""
"QH-W-9-12","W-9-","146","146","226","200","183","183","204","215","172","181","137","137","212","208","223","223","123","110","160","160","252","231","","",""
"QH-W-9-13","W-9-","148","146","210","222","173","185","204","204","181","181","137","137","207","204","223","223","121","110","160","156","232","252","","",""
"QH-W-9-16","W-9-","146","146","226","226","169","167","204","213","181","171","137","137","212","203","223","223","93","93","168","168","229","230","","",""
"QH-W-9-20","W-9-","146","146","226","226","157","163","205","205","181","171","137","137","210","210","278","278","110","133","168","160","223","229","","",""
"QH-W-9-21","W-9-","148","146","226","202","179","167","206","206","181","181","137","137","196","201","223","223","119","117","160","171","229","252","","",""
"QH-W-9-22","W-9-","148","146","228","220","165","183","204","204","178","171","137","137","205","205","223","223","102","112","169","159","229","229","","",""
"QH-W-9-23","W-9-","148","146","230","196","183","183","204","219","181","184","137","137","205","205","225","225","100","102","167","159","252","252","","",""
"QH-W-9-24","W-9-","145","145","226","191","159","171","204","213","175","181","137","137","210","220","223","223","100","123","159","174","223","223","","",""
"QH-W-9-25","W-9-","146","146","226","191","159","171","204","213","175","181","137","137","210","220","223","223","100","123","159","174","223","223","","",""
"QH-W-9-26","W-9-","145","145","224","208","179","165","204","204","181","171","137","137","207","207","224","224","102","139","160","172","232","229","","",""
"QH-W-9-27","W-9-","145","145","226","208","165","167","204","202","172","172","137","137","208","207","278","278","102","131","160","160","232","252","","",""
"QH-W-9-28","W-9-","145","148","226","222","165","183","204","213","181","171","137","137","205","207","224","224","110","139","160","174","229","229","","",""
"QH-W-9-29","W-9-","145","145","228","218","159","167","206","206","181","181","137","137","196","210","223","223","102","119","160","173","229","229","","",""
"QH-W-9-30","W-9-","148","146","226","222","165","165","204","219","181","181","137","137","216","205","224","224","119","110","159","157","229","255","","",""
"QH-W-9-31","W-9-","145","148","226","210","159","165","206","206","169","181","137","137","205","204","223","223","123","117","160","174","229","229","","",""
"QH-W-9-32","W-9-","148","146","226","226","165","167","204","206","181","171","137","137","210","216","224","278","119","119","159","159","223","229","","",""
"QH-W-9-33","W-9-","146","146","226","202","157","165","204","204","181","181","137","137","208","207","223","223","121","110","168","167","229","222","","",""
"QH-W-9-34","W-9-","146","146","210","202","179","171","204","209","178","178","137","137","207","207","278","278","102","110","168","160","235","229","","",""
"QH-W-9-35","W-9-","145","145","226","226","165","183","204","202","169","181","137","137","214","214","223","223","117","112","168","168","229","230","","",""
"QH-W-AUX3-1","W-AUX3-","148","146","228","210","159","163","204","213","181","181","137","137","210","208","223","223","0","0","160","172","229","252","","",""
"QH-W-AUX3-2","W-AUX3-","145","148","226","210","181","171","204","223","169","181","137","139","207","207","223","232","119","93","166","173","223","229","","",""
"QH-W-AUX3-3","W-AUX3-","146","146","226","204","179","163","204","204","171","171","137","137","218","218","278","278","0","0","160","160","220","229","","",""
"QH-W-AUX3-4","W-AUX3-","145","148","226","226","157","159","204","204","169","181","137","137","210","208","278","278","102","121","160","160","229","229","","",""
"QH-W-AUX3-5","W-AUX3-","148","146","220","210","159","185","211","211","171","171","137","137","210","212","223","219","102","102","167","159","229","252","","",""
"QH-W-AUX3-6","W-AUX3-","145","148","226","200","165","181","204","198","169","184","137","137","210","210","223","223","0","0","160","164","229","237","","",""
"QH-W-AUX3-7","W-AUX3-","148","148","226","210","159","183","211","213","181","181","137","137","201","201","223","223","102","121","160","171","220","252","","",""
"QH-W-AUX3-8","W-AUX3-","145","148","0","0","169","159","0","0","172","181","137","137","196","203","223","223","102","93","167","172","223","229","","",""
"QH-W-AUX3-9","W-AUX3-","145","148","204","220","179","165","204","213","181","181","137","137","210","212","225","225","102","117","168","160","235","229","","",""
"QH-W-AUX3-10","W-AUX3-","148","146","226","204","179","167","204","204","181","171","137","137","210","210","225","225","0","0","168","160","229","229","","",""
"QH-W-AUX3-11","W-AUX3-","145","148","218","210","169","159","204","213","169","181","137","137","196","203","223","223","102","93","167","172","223","229","","",""
"QH-W-AUX3-12","W-AUX3-","146","146","226","228","157","163","204","204","178","181","137","137","201","208","224","224","0","0","172","172","220","229","","",""
"QH-W-AUX3-13","W-AUX3-","146","146","226","228","179","175","213","222","181","171","137","137","196","214","225","225","0","0","160","159","229","229","","",""
"QH-W-AUX3-16","W-AUX3-","148","148","218","220","159","183","204","215","169","181","137","137","196","196","225","225","102","119","160","172","229","231","","",""
